[
  {
    "pk": 1, 
    "model": "common.gradelevel", 
    "fields": {
      "start_age": 0, 
      "description": "includes Pre-K - Grade 6; Elementary; Lower Elementary; Upper Elementary", 
      "end_age": 11, 
      "name": "Primary", 
      "slug": "primary"
    }
  }, 
  {
    "pk": 2, 
    "model": "common.gradelevel", 
    "fields": {
      "start_age": 10, 
      "description": "includes Grades 7 - 12; High School; Middle School; Jr. High School", 
      "end_age": 19, 
      "name": "Secondary", 
      "slug": "secondary"
    }
  }, 
  {
    "pk": 3, 
    "model": "common.gradelevel", 
    "fields": {
      "start_age": 17, 
      "description": "includes all Higher Education; College, University, Graduate Levels; Professional Development; Training", 
      "end_age": null, 
      "name": "Post-secondary", 
      "slug": "post-secondary"
    }
  }, 
  {
    "pk": 1, 
    "model": "common.gradesublevel", 
    "fields": {
      "end_age": 5, 
      "grade_level": 1, 
      "start_age": 0, 
      "name": "Preschool", 
      "slug": "preschool"
    }
  }, 
  {
    "pk": 2, 
    "model": "common.gradesublevel", 
    "fields": {
      "end_age": 8, 
      "grade_level": 1, 
      "start_age": 4, 
      "name": "Lower-Primary", 
      "slug": "lower-primary"
    }
  }, 
  {
    "pk": 3, 
    "model": "common.gradesublevel", 
    "fields": {
      "end_age": 11, 
      "grade_level": 1, 
      "start_age": 7, 
      "name": "Upper-Primary", 
      "slug": "upper-primary"
    }
  }, 
  {
    "pk": 4, 
    "model": "common.gradesublevel", 
    "fields": {
      "end_age": 14, 
      "grade_level": 2, 
      "start_age": 10, 
      "name": "Middle School", 
      "slug": "middle-school"
    }
  }, 
  {
    "pk": 5, 
    "model": "common.gradesublevel", 
    "fields": {
      "end_age": 19, 
      "grade_level": 2, 
      "start_age": 14, 
      "name": "High School", 
      "slug": "high-school"
    }
  }, 
  {
    "pk": 6, 
    "model": "common.gradesublevel", 
    "fields": {
      "end_age": null, 
      "grade_level": 3, 
      "start_age": 17, 
      "name": "Community College - Lower Division", 
      "slug": "community-college-lower-division"
    }
  }, 
  {
    "pk": 7, 
    "model": "common.gradesublevel", 
    "fields": {
      "end_age": null, 
      "grade_level": 3, 
      "start_age": 19, 
      "name": "College - Upper Division", 
      "slug": "college-upper-division"
    }
  }, 
  {
    "pk": 8, 
    "model": "common.gradesublevel", 
    "fields": {
      "end_age": null, 
      "grade_level": 3, 
      "start_age": 21, 
      "name": "Graduate / Professional", 
      "slug": "graduate-professional"
    }
  }, 
  {
    "pk": 9, 
    "model": "common.gradesublevel", 
    "fields": {
      "end_age": null, 
      "grade_level": 3, 
      "start_age": 18, 
      "name": "Career / Technical", 
      "slug": "career-technical"
    }
  }, 
  {
    "pk": 14, 
    "model": "common.grade", 
    "fields": {
      "code": "PK", 
      "name": "Pre-kindergarten", 
      "end_age": 5, 
      "start_age": 3, 
      "grade_sublevel": 1, 
      "order": 1
    }
  }, 
  {
    "pk": 1, 
    "model": "common.grade", 
    "fields": {
      "code": "K", 
      "name": "Kindergarten", 
      "end_age": 6, 
      "start_age": 4, 
      "grade_sublevel": 2, 
      "order": 2
    }
  }, 
  {
    "pk": 2, 
    "model": "common.grade", 
    "fields": {
      "code": "1", 
      "name": "1st Grade", 
      "end_age": 7, 
      "start_age": 5, 
      "grade_sublevel": 2, 
      "order": 3
    }
  }, 
  {
    "pk": 3, 
    "model": "common.grade", 
    "fields": {
      "code": "2", 
      "name": "2nd Grade", 
      "end_age": 8, 
      "start_age": 6, 
      "grade_sublevel": 2, 
      "order": 4
    }
  }, 
  {
    "pk": 4, 
    "model": "common.grade", 
    "fields": {
      "code": "3", 
      "name": "3rd Grade", 
      "end_age": 9, 
      "start_age": 7, 
      "grade_sublevel": 3, 
      "order": 5
    }
  }, 
  {
    "pk": 5, 
    "model": "common.grade", 
    "fields": {
      "code": "4", 
      "name": "4th Grade", 
      "end_age": 10, 
      "start_age": 8, 
      "grade_sublevel": 3, 
      "order": 6
    }
  }, 
  {
    "pk": 6, 
    "model": "common.grade", 
    "fields": {
      "code": "5", 
      "name": "5th Grade", 
      "end_age": 11, 
      "start_age": 9, 
      "grade_sublevel": 3, 
      "order": 7
    }
  }, 
  {
    "pk": 7, 
    "model": "common.grade", 
    "fields": {
      "code": "6", 
      "name": "6th Grade", 
      "end_age": 12, 
      "start_age": 10, 
      "grade_sublevel": 4, 
      "order": 8
    }
  }, 
  {
    "pk": 8, 
    "model": "common.grade", 
    "fields": {
      "code": "7", 
      "name": "7th Grade", 
      "end_age": 13, 
      "start_age": 11, 
      "grade_sublevel": 4, 
      "order": 9
    }
  }, 
  {
    "pk": 9, 
    "model": "common.grade", 
    "fields": {
      "code": "8", 
      "name": "8th Grade", 
      "end_age": 14, 
      "start_age": 12, 
      "grade_sublevel": 4, 
      "order": 10
    }
  }, 
  {
    "pk": 10, 
    "model": "common.grade", 
    "fields": {
      "code": "9", 
      "name": "9th Grade", 
      "end_age": 16, 
      "start_age": 14, 
      "grade_sublevel": 5, 
      "order": 11
    }
  }, 
  {
    "pk": 11, 
    "model": "common.grade", 
    "fields": {
      "code": "10", 
      "name": "10th Grade", 
      "end_age": 17, 
      "start_age": 15, 
      "grade_sublevel": 5, 
      "order": 12
    }
  }, 
  {
    "pk": 12, 
    "model": "common.grade", 
    "fields": {
      "code": "11", 
      "name": "11th Grade", 
      "end_age": 18, 
      "start_age": 16, 
      "grade_sublevel": 5, 
      "order": 13
    }
  }, 
  {
    "pk": 13, 
    "model": "common.grade", 
    "fields": {
      "code": "12", 
      "name": "12th Grade", 
      "end_age": 19, 
      "start_age": 17, 
      "grade_sublevel": 5, 
      "order": 14
    }
  }, 
  {
    "pk": 1, 
    "model": "common.studentlevel", 
    "fields": {
      "title": "Pre-K (age 4 or younger)"
    }
  }, 
  {
    "pk": 2, 
    "model": "common.studentlevel", 
    "fields": {
      "title": "Kindergarten (ages 4-5)"
    }
  }, 
  {
    "pk": 3, 
    "model": "common.studentlevel", 
    "fields": {
      "title": "1st Grade (ages 5-6)"
    }
  }, 
  {
    "pk": 4, 
    "model": "common.studentlevel", 
    "fields": {
      "title": "2nd Grade (ages 6-7)"
    }
  }, 
  {
    "pk": 5, 
    "model": "common.studentlevel", 
    "fields": {
      "title": "3rd Grade (ages 7-8)"
    }
  }, 
  {
    "pk": 6, 
    "model": "common.studentlevel", 
    "fields": {
      "title": "4th Grade (ages 8-9)"
    }
  }, 
  {
    "pk": 7, 
    "model": "common.studentlevel", 
    "fields": {
      "title": "5th Grade (ages 9-10)"
    }
  }, 
  {
    "pk": 8, 
    "model": "common.studentlevel", 
    "fields": {
      "title": "6th Grade (ages 10-11)"
    }
  }, 
  {
    "pk": 9, 
    "model": "common.studentlevel", 
    "fields": {
      "title": "7th Grade (ages 11-12)"
    }
  }, 
  {
    "pk": 10, 
    "model": "common.studentlevel", 
    "fields": {
      "title": "8th Grade (ages 12-13)"
    }
  }, 
  {
    "pk": 11, 
    "model": "common.studentlevel", 
    "fields": {
      "title": "9th Grade (ages 13-14)"
    }
  }, 
  {
    "pk": 12, 
    "model": "common.studentlevel", 
    "fields": {
      "title": "10th Grade (ages 14-15)"
    }
  }, 
  {
    "pk": 13, 
    "model": "common.studentlevel", 
    "fields": {
      "title": "11th Grade (ages 15-16)"
    }
  }, 
  {
    "pk": 14, 
    "model": "common.studentlevel", 
    "fields": {
      "title": "12th Grade (ages 16-17)"
    }
  }, 
  {
    "pk": 15, 
    "model": "common.studentlevel", 
    "fields": {
      "title": "College, Undergraduate"
    }
  }, 
  {
    "pk": 16, 
    "model": "common.studentlevel", 
    "fields": {
      "title": "College, Graduate"
    }
  }, 
  {
    "pk": 17, 
    "model": "common.studentlevel", 
    "fields": {
      "title": "Career Training / Vocational Education"
    }
  }
]